Keyword,Match Type,Ad Group,Campaign,Location
laptop repair Noida,Phrase Match,Laptop Repair - Noida,Repair Services Delhi NCR,Noida
laptop repair Noida Sector 62,Exact Match,Laptop Repair - Noida,Repair Services Delhi NCR,Noida
laptop repair Noida Sector 18,Exact Match,Laptop Repair - Noida,Repair Services Delhi NCR,Noida
laptop repair Noida Sector 15,Exact Match,Laptop Repair - Noida,Repair Services Delhi NCR,Noida
laptop repair Noida Sector 16,Exact Match,Laptop Repair - Noida,Repair Services Delhi NCR,Noida
laptop repair Noida Electronic City,Exact Match,Laptop Repair - Noida,Repair Services Delhi NCR,Noida
laptop repair Noida Extension,Exact Match,Laptop Repair - Noida,Repair Services Delhi NCR,Noida
doorstep laptop repair Noida,Phrase Match,Laptop Repair - Noida,Repair Services Delhi NCR,Noida
same day laptop repair Noida,Exact Match,Laptop Repair - Noida,Repair Services Delhi NCR,Noida
laptop repair near me Noida,Phrase Match,Laptop Repair - Noida,Repair Services Delhi NCR,Noida
laptop repair Greater Noida,Phrase Match,Laptop Repair - Greater Noida,Repair Services Delhi NCR,Greater Noida
laptop repair Alpha Greater Noida,Exact Match,Laptop Repair - Greater Noida,Repair Services Delhi NCR,Greater Noida
laptop repair Beta Greater Noida,Exact Match,Laptop Repair - Greater Noida,Repair Services Delhi NCR,Greater Noida
laptop repair Pari Chowk,Exact Match,Laptop Repair - Greater Noida,Repair Services Delhi NCR,Greater Noida
laptop repair Knowledge Park Greater Noida,Exact Match,Laptop Repair - Greater Noida,Repair Services Delhi NCR,Greater Noida
laptop repair Greater Noida West,Exact Match,Laptop Repair - Greater Noida,Repair Services Delhi NCR,Greater Noida
doorstep laptop repair Greater Noida,Phrase Match,Laptop Repair - Greater Noida,Repair Services Delhi NCR,Greater Noida
laptop repair Gurugram,Phrase Match,Laptop Repair - Gurugram,Repair Services Delhi NCR,Gurugram
laptop repair Gurgaon,Phrase Match,Laptop Repair - Gurugram,Repair Services Delhi NCR,Gurugram
laptop repair Cyber City Gurugram,Exact Match,Laptop Repair - Gurugram,Repair Services Delhi NCR,Gurugram
laptop repair Udyog Vihar Gurugram,Exact Match,Laptop Repair - Gurugram,Repair Services Delhi NCR,Gurugram
laptop repair Golf Course Road Gurugram,Exact Match,Laptop Repair - Gurugram,Repair Services Delhi NCR,Gurugram
laptop repair Sector 14 Gurugram,Exact Match,Laptop Repair - Gurugram,Repair Services Delhi NCR,Gurugram
laptop repair Sector 56 Gurugram,Exact Match,Laptop Repair - Gurugram,Repair Services Delhi NCR,Gurugram
laptop repair Sector 31 Gurugram,Exact Match,Laptop Repair - Gurugram,Repair Services Delhi NCR,Gurugram
laptop repair Sector 46 Gurugram,Exact Match,Laptop Repair - Gurugram,Repair Services Delhi NCR,Gurugram
computer repair Noida,Phrase Match,Computer Repair - Noida,Repair Services Delhi NCR,Noida
desktop repair Noida,Phrase Match,Computer Repair - Noida,Repair Services Delhi NCR,Noida
PC repair Noida,Phrase Match,Computer Repair - Noida,Repair Services Delhi NCR,Noida
computer repair near me Noida,Phrase Match,Computer Repair - Noida,Repair Services Delhi NCR,Noida
onsite computer repair Noida,Exact Match,Computer Repair - Noida,Repair Services Delhi NCR,Noida
computer repair Greater Noida,Phrase Match,Computer Repair - Greater Noida,Repair Services Delhi NCR,Greater Noida
desktop repair Greater Noida,Phrase Match,Computer Repair - Greater Noida,Repair Services Delhi NCR,Greater Noida
PC repair Greater Noida,Phrase Match,Computer Repair - Greater Noida,Repair Services Delhi NCR,Greater Noida
computer repair Gurugram,Phrase Match,Computer Repair - Gurugram,Repair Services Delhi NCR,Gurugram
desktop repair Gurugram,Phrase Match,Computer Repair - Gurugram,Repair Services Delhi NCR,Gurugram
SSD upgrade Noida,Phrase Match,Parts & Upgrades - Noida,Parts & Upgrades Delhi NCR,Noida
RAM upgrade Noida,Phrase Match,Parts & Upgrades - Noida,Parts & Upgrades Delhi NCR,Noida
HDD replacement Noida,Phrase Match,Parts & Upgrades - Noida,Parts & Upgrades Delhi NCR,Noida
NVMe SSD upgrade Noida,Exact Match,Parts & Upgrades - Noida,Parts & Upgrades Delhi NCR,Noida
M.2 SSD installation Noida,Exact Match,Parts & Upgrades - Noida,Parts & Upgrades Delhi NCR,Noida
laptop SSD upgrade near me,Phrase Match,Parts & Upgrades - Noida,Parts & Upgrades Delhi NCR,Noida
laptop RAM upgrade near me,Phrase Match,Parts & Upgrades - Noida,Parts & Upgrades Delhi NCR,Noida
SSD upgrade Greater Noida,Phrase Match,Parts & Upgrades - Greater Noida,Parts & Upgrades Delhi NCR,Greater Noida
RAM upgrade Greater Noida,Phrase Match,Parts & Upgrades - Greater Noida,Parts & Upgrades Delhi NCR,Greater Noida
SSD upgrade Gurugram,Phrase Match,Parts & Upgrades - Gurugram,Parts & Upgrades Delhi NCR,Gurugram
RAM upgrade Gurugram,Phrase Match,Parts & Upgrades - Gurugram,Parts & Upgrades Delhi NCR,Gurugram
motherboard repair Noida,Phrase Match,Parts & Upgrades - Noida,Parts & Upgrades Delhi NCR,Noida
screen replacement Noida,Phrase Match,Parts & Upgrades - Noida,Parts & Upgrades Delhi NCR,Noida
keyboard replacement Noida,Phrase Match,Parts & Upgrades - Noida,Parts & Upgrades Delhi NCR,Noida
battery replacement laptop Noida,Phrase Match,Parts & Upgrades - Noida,Parts & Upgrades Delhi NCR,Noida
laptop fan replacement Noida,Exact Match,Parts & Upgrades - Noida,Parts & Upgrades Delhi NCR,Noida
laptop hinge repair Noida,Exact Match,Parts & Upgrades - Noida,Parts & Upgrades Delhi NCR,Noida
charger repair Noida,Phrase Match,Parts & Upgrades - Noida,Parts & Upgrades Delhi NCR,Noida
DC jack repair Noida,Exact Match,Parts & Upgrades - Noida,Parts & Upgrades Delhi NCR,Noida
cooling fan repair Noida,Exact Match,Parts & Upgrades - Noida,Parts & Upgrades Delhi NCR,Noida
display replacement Noida,Phrase Match,Parts & Upgrades - Noida,Parts & Upgrades Delhi NCR,Noida
HP laptop repair Noida,Phrase Match,Brand Repair - HP,Brand-Specific Repair,Noida
HP Spectre repair Noida,Exact Match,Brand Repair - HP,Brand-Specific Repair,Noida
HP Pavilion repair Noida,Exact Match,Brand Repair - HP,Brand-Specific Repair,Noida
HP laptop repair Greater Noida,Phrase Match,Brand Repair - HP,Brand-Specific Repair,Greater Noida
HP laptop repair Gurugram,Phrase Match,Brand Repair - HP,Brand-Specific Repair,Gurugram
HP laptop repair Delhi NCR,Phrase Match,Brand Repair - HP,Brand-Specific Repair,Delhi NCR
Dell laptop repair Noida,Phrase Match,Brand Repair - Dell,Brand-Specific Repair,Noida
Dell XPS repair Noida,Exact Match,Brand Repair - Dell,Brand-Specific Repair,Noida
Dell Inspiron repair Noida,Exact Match,Brand Repair - Dell,Brand-Specific Repair,Noida
Dell laptop repair Greater Noida,Phrase Match,Brand Repair - Dell,Brand-Specific Repair,Greater Noida
Dell laptop repair Gurugram,Phrase Match,Brand Repair - Dell,Brand-Specific Repair,Gurugram
Dell XPS repair Delhi NCR,Phrase Match,Brand Repair - Dell,Brand-Specific Repair,Delhi NCR
Lenovo laptop repair Noida,Phrase Match,Brand Repair - Lenovo,Brand-Specific Repair,Noida
Lenovo ThinkPad repair Noida,Exact Match,Brand Repair - Lenovo,Brand-Specific Repair,Noida
Lenovo Legion repair Noida,Exact Match,Brand Repair - Lenovo,Brand-Specific Repair,Noida
Lenovo laptop repair Greater Noida,Phrase Match,Brand Repair - Lenovo,Brand-Specific Repair,Greater Noida
Lenovo laptop repair Gurugram,Phrase Match,Brand Repair - Lenovo,Brand-Specific Repair,Gurugram
ThinkPad repair Delhi NCR,Phrase Match,Brand Repair - Lenovo,Brand-Specific Repair,Delhi NCR
Acer laptop repair Noida,Phrase Match,Brand Repair - Acer,Brand-Specific Repair,Noida
Acer Predator repair Noida,Exact Match,Brand Repair - Acer,Brand-Specific Repair,Noida
Acer Swift repair Noida,Exact Match,Brand Repair - Acer,Brand-Specific Repair,Noida
Acer laptop repair Greater Noida,Phrase Match,Brand Repair - Acer,Brand-Specific Repair,Greater Noida
Acer laptop repair Gurugram,Phrase Match,Brand Repair - Acer,Brand-Specific Repair,Gurugram
Chromebook repair Noida,Phrase Match,Brand Repair - Chromebook,Brand-Specific Repair,Noida
Chromebook repair Greater Noida,Phrase Match,Brand Repair - Chromebook,Brand-Specific Repair,Greater Noida
Chromebook repair Gurugram,Phrase Match,Brand Repair - Chromebook,Brand-Specific Repair,Gurugram
Chromebook repair Delhi NCR,Phrase Match,Brand Repair - Chromebook,Brand-Specific Repair,Delhi NCR
email migration Noida,Phrase Match,Email Migration,Email & Cloud Services,Noida
email migration Greater Noida,Phrase Match,Email Migration,Email & Cloud Services,Greater Noida
email migration Gurugram,Phrase Match,Email Migration,Email & Cloud Services,Gurugram
email migration Delhi NCR,Phrase Match,Email Migration,Email & Cloud Services,Delhi NCR
Exchange to Office 365 migration Noida,Exact Match,Email Migration,Email & Cloud Services,Noida
Exchange to Office 365 migration Delhi NCR,Phrase Match,Email Migration,Email & Cloud Services,Delhi NCR
Microsoft Exchange migration Noida,Phrase Match,Email Migration,Email & Cloud Services,Noida
IMAP to Office 365 migration Delhi NCR,Exact Match,Email Migration,Email & Cloud Services,Delhi NCR
hybrid email migration Delhi NCR,Exact Match,Email Migration,Email & Cloud Services,Delhi NCR
tenant migration Office 365 Delhi NCR,Exact Match,Email Migration,Email & Cloud Services,Delhi NCR
email data migration Noida,Phrase Match,Email Migration,Email & Cloud Services,Noida
Google Workspace setup Noida,Phrase Match,Google Workspace,Email & Cloud Services,Noida
Google Workspace migration Noida,Phrase Match,Google Workspace,Email & Cloud Services,Noida
G Suite setup Noida,Phrase Match,Google Workspace,Email & Cloud Services,Noida
Google Workspace setup Greater Noida,Phrase Match,Google Workspace,Email & Cloud Services,Greater Noida
Google Workspace setup Gurugram,Phrase Match,Google Workspace,Email & Cloud Services,Gurugram
Google Workspace for business Delhi NCR,Phrase Match,Google Workspace,Email & Cloud Services,Delhi NCR
Google Workspace to Exchange migration,Phrase Match,Google Workspace,Email & Cloud Services,Delhi NCR
Office 365 migration Noida,Phrase Match,Office 365,Email & Cloud Services,Noida
Office 365 setup Noida,Phrase Match,Office 365,Email & Cloud Services,Noida
Microsoft 365 setup Noida,Phrase Match,Office 365,Email & Cloud Services,Noida
Office 365 migration Greater Noida,Phrase Match,Office 365,Email & Cloud Services,Greater Noida
Office 365 setup Gurugram,Phrase Match,Office 365,Email & Cloud Services,Gurugram
Microsoft 365 migration Delhi NCR,Phrase Match,Office 365,Email & Cloud Services,Delhi NCR
business email setup Noida,Phrase Match,Office 365,Email & Cloud Services,Noida
virus removal Noida,Phrase Match,IT Support & AMC,IT Support Services,Noida
virus removal Greater Noida,Phrase Match,IT Support & AMC,IT Support Services,Greater Noida
virus removal Gurugram,Phrase Match,IT Support & AMC,IT Support Services,Gurugram
data recovery Noida,Phrase Match,IT Support & AMC,IT Support Services,Noida
data recovery Greater Noida,Phrase Match,IT Support & AMC,IT Support Services,Greater Noida
data recovery Gurugram,Phrase Match,IT Support & AMC,IT Support Services,Gurugram
data recovery Delhi NCR,Phrase Match,IT Support & AMC,IT Support Services,Delhi NCR
Windows installation Noida,Phrase Match,IT Support & AMC,IT Support Services,Noida
network setup Noida,Phrase Match,IT Support & AMC,IT Support Services,Noida
WiFi setup Noida,Phrase Match,IT Support & AMC,IT Support Services,Noida
server repair Noida,Phrase Match,IT Support & AMC,IT Support Services,Noida
computer AMC Noida,Phrase Match,IT Support & AMC,IT Support Services,Noida
annual maintenance contract Noida,Phrase Match,IT Support & AMC,IT Support Services,Noida
IT AMC Delhi NCR,Phrase Match,IT Support & AMC,IT Support Services,Delhi NCR
remote IT support Noida,Phrase Match,IT Support & AMC,IT Support Services,Noida
BIOS update Noida,Exact Match,IT Support & AMC,IT Support Services,Noida
laptop overheating fix Noida,Exact Match,IT Support & AMC,IT Support Services,Noida
blue screen repair Noida,Exact Match,IT Support & AMC,IT Support Services,Noida
managed IT services Noida,Phrase Match,IT Support & AMC,IT Support Services,Noida
managed IT services Delhi NCR,Phrase Match,IT Support & AMC,IT Support Services,Delhi NCR
onsite IT support Noida,Phrase Match,IT Support & AMC,IT Support Services,Noida
IT support company Noida,Phrase Match,IT Support & AMC,IT Support Services,Noida
